001,A001,B001
002,A002,B002
003,A003,B003
004,A004,B004
005,A005,B005
006,A006,B006
007,A007,B007
008,A008,B008
009,A009,B009
010,A010,B010
011,A011,B011
012,A012,B012
013,A013,B013
014,A014,B014
015,A015,B015
016,A016,B016
017,A017,B017
018,A018,B018
019,A019,B019
020,A020,B020
021,A021,B021
022,A022,B022
023,A023,B023
024,A024,B024
025,A025,B025
026,A026,B026
027,A027,B027
028,A028,B028
029,A029,B029
030,A030,B030
031,A031,B031
032,A032,B032
033,A033,B033
034,A034,B034
035,A035,B035
036,A036,B036
037,A037,B037
038,A038,B038
039,A039,B039
040,A040,B040
041,A041,B041
042,A042,B042
043,A043,B043
044,A044,B044
045,A045,B045
046,A046,B046
047,A047,B047
048,A048,B048
049,A049,B049
050,A050,B050
051,A051,B051
052,A052,B052
053,A053,B053
054,A054,B054
055,A055,B055
056,A056,B056
057,A057,B057
058,A058,B058
059,A059,B059
060,A060,B060
061,A061,B061
062,A062,B062
063,A063,B063
064,A064,B064
065,A065,B065
066,A066,B066
067,A067,B067
068,A068,B068
069,A069,B069
070,A070,B070
071,A071,B071
072,A072,B072
073,A073,B073
074,A074,B074
075,A075,B075
076,A076,B076
077,A077,B077
078,A078,B078
079,A079,B079
080,A080,B080
081,A081,B081
082,A082,B082
083,A083,B083
084,A084,B084
085,A085,B085
086,A086,B086
087,A087,B087
088,A088,B088
089,A089,B089
090,A090,B090
091,A091,B091
092,A092,B092
093,A093,B093
094,A094,B094
095,A095,B095
096,A096,B096
097,A097,B097
098,A098,B098
099,A099,B099
100,A100,B100
101,A101,B101
102,A102,B102
103,A103,B103
104,A104,B104
105,A105,B105
106,A106,B106
107,A107,B107
108,A108,B108
109,A109,B109
110,A110,B110
111,A111,B111
112,A112,B112
113,A113,B113
114,A114,B114
115,A115,B115
116,A116,B116
117,A117,B117
118,A118,B118
119,A119,B119
120,A120,B120
121,A121,B121
122,A122,B122
123,A123,B123
124,A124,B124
125,A125,B125
126,A126,B126
127,A127,B127
128,A128,B128
129,A129,B129
130,A130,B130
131,A131,B131
132,A132,B132
133,A133,B133
134,A134,B134
135,A135,B135
136,A136,B136
137,A137,B137
138,A138,B138
139,A139,B139
140,A140,B140
141,A141,B141
142,A142,B142
143,A143,B143
144,A144,B144
145,A145,B145
146,A146,B146
147,A147,B147
148,A148,B148
149,A149,B149
150,A150,B150
151,A151,B151
152,A152,B152
153,A153,B153
154,A154,B154
155,A155,B155
156,A156,B156
157,A157,B157
158,A158,B158
159,A159,B159
160,A160,B160
161,A161,B161
162,A162,B162
163,A163,B163
164,A164,B164
165,A165,B165
166,A166,B166
167,A167,B167
168,A168,B168
169,A169,B169
170,A170,B170
171,A171,B171
172,A172,B172
173,A173,B173
174,A174,B174
175,A175,B175
176,A176,B176
177,A177,B177
178,A178,B178
179,A179,B179
180,A180,B180
181,A181,B181
182,A182,B182
183,A183,B183
184,A184,B184
185,A185,B185
186,A186,B186
187,A187,B187
188,A188,B188
189,A189,B189
190,A190,B190
191,A191,B191
192,A192,B192
193,A193,B193
194,A194,B194
195,A195,B195
196,A196,B196
197,A197,B197
198,A198,B198
199,A199,B199
200,A200,B200
201,A201,B201
202,A202,B202
203,A203,B203
204,A204,B204
205,A205,B205
206,A206,B206
207,A207,B207
208,A208,B208
209,A209,B209
210,A210,B210
211,A211,B211
212,A212,B212
213,A213,B213
214,A214,B214
215,A215,B215
216,A216,B216
217,A217,B217
218,A218,B218
219,A219,B219
220,A220,B220
221,A221,B221
222,A222,B222
223,A223,B223
224,A224,B224
225,A225,B225
226,A226,B226
227,A227,B227
228,A228,B228
229,A229,B229
230,A230,B230
231,A231,B231
232,A232,B232
233,A233,B233
234,A234,B234
235,A235,B235
236,A236,B236
237,A237,B237
238,A238,B238
239,A239,B239
240,A240,B240
241,A241,B241
242,A242,B242
243,A243,B243
244,A244,B244
245,A245,B245
246,A246,B246
247,A247,B247
248,A248,B248
249,A249,B249
250,A250,B250
251,A251,B251
252,A252,B252
253,A253,B253
254,A254,B254
255,A255,B255
256,A256,B256
257,A257,B257
258,A258,B258
259,A259,B259
260,A260,B260
261,A261,B261
262,A262,B262
263,A263,B263
264,A264,B264
265,A265,B265
266,A266,B266
267,A267,B267
268,A268,B268
269,A269,B269
270,A270,B270
271,A271,B271
272,A272,B272
273,A273,B273
274,A274,B274
275,A275,B275
276,A276,B276
277,A277,B277
278,A278,B278
279,A279,B279
280,A280,B280
281,A281,B281
282,A282,B282
283,A283,B283
284,A284,B284
285,A285,B285
286,A286,B286
287,A287,B287
288,A288,B288
289,A289,B289
290,A290,B290
291,A291,B291
292,A292,B292
293,A293,B293
294,A294,B294
295,A295,B295
296,A296,B296
297,A297,B297
298,A298,B298
299,A299,B299
300,A300,B300
301,A301,B301
302,A302,B302
303,A303,B303
304,A304,B304
305,A305,B305
306,A306,B306
307,A307,B307
308,A308,B308
309,A309,B309
310,A310,B310
311,A311,B311
312,A312,B312
313,A313,B313
314,A314,B314
315,A315,B315
316,A316,B316
317,A317,B317
318,A318,B318
319,A319,B319
320,A320,B320
321,A321,B321
322,A322,B322
323,A323,B323
324,A324,B324
325,A325,B325
326,A326,B326
327,A327,B327
328,A328,B328
329,A329,B329
330,A330,B330
331,A331,B331
332,A332,B332
333,A333,B333
334,A334,B334
335,A335,B335
336,A336,B336
337,A337,B337
338,A338,B338
339,A339,B339
340,A340,B340
341,A341,B341
342,A342,B342
343,A343,B343
344,A344,B344
345,A345,B345
346,A346,B346
347,A347,B347
348,A348,B348
349,A349,B349
350,A350,B350
351,A351,B351
352,A352,B352
353,A353,B353
354,A354,B354
355,A355,B355
356,A356,B356
357,A357,B357
358,A358,B358
359,A359,B359
360,A360,B360
361,A361,B361
362,A362,B362
363,A363,B363
364,A364,B364
365,A365,B365
366,A366,B366
367,A367,B367
368,A368,B368
369,A369,B369
370,A370,B370
371,A371,B371
372,A372,B372
373,A373,B373
374,A374,B374
375,A375,B375
376,A376,B376
377,A377,B377
378,A378,B378
379,A379,B379
380,A380,B380
381,A381,B381
382,A382,B382
383,A383,B383
384,A384,B384
385,A385,B385
386,A386,B386
387,A387,B387
388,A388,B388
389,A389,B389
390,A390,B390
391,A391,B391
392,A392,B392
393,A393,B393
394,A394,B394
395,A395,B395
396,A396,B396
397,A397,B397
398,A398,B398
399,A399,B399
400,A400,B400
401,A401,B401
402,A402,B402
403,A403,B403
404,A404,B404
405,A405,B405
406,A406,B406
407,A407,B407
408,A408,B408
409,A409,B409
410,A410,B410
411,A411,B411
412,A412,B412
413,A413,B413
414,A414,B414
415,A415,B415
416,A416,B416
417,A417,B417
418,A418,B418
419,A419,B419
420,A420,B420
421,A421,B421
422,A422,B422
423,A423,B423
424,A424,B424
425,A425,B425
426,A426,B426
427,A427,B427
428,A428,B428
429,A429,B429
430,A430,B430
431,A431,B431
432,A432,B432
433,A433,B433
434,A434,B434
435,A435,B435
436,A436,B436
437,A437,B437
438,A438,B438
439,A439,B439
440,A440,B440
441,A441,B441
442,A442,B442
443,A443,B443
444,A444,B444
445,A445,B445
446,A446,B446
447,A447,B447
448,A448,B448
449,A449,B449
450,A450,B450
451,A451,B451
452,A452,B452
453,A453,B453
454,A454,B454
455,A455,B455
456,A456,B456
457,A457,B457
458,A458,B458
459,A459,B459
460,A460,B460
461,A461,B461
462,A462,B462
463,A463,B463
464,A464,B464
465,A465,B465
466,A466,B466
467,A467,B467
468,A468,B468
469,A469,B469
470,A470,B470
471,A471,B471
472,A472,B472
473,A473,B473
474,A474,B474
475,A475,B475
476,A476,B476
477,A477,B477
478,A478,B478
479,A479,B479
480,A480,B480
481,A481,B481
482,A482,B482
483,A483,B483
484,A484,B484
485,A485,B485
486,A486,B486
487,A487,B487
488,A488,B488
489,A489,B489
490,A490,B490
491,A491,B491
492,A492,B492
493,A493,B493
494,A494,B494
495,A495,B495
496,A496,B496
497,A497,B497
498,A498,B498
499,A499,B499
500,A500,B500
